{"1": {"slice_idx": 182, "bones_thresh": [170, 2, 64], "blood_vessels_thresh": [158, 5, 64], "liver_thresh": [130, 1, 64], "reference_slide": 194}, "2": {"bones_thresh": [200, 2, 64], "blood_vessels_thresh": [162, 5, 64], "liver_thresh": [125, 1, 64], "override": true}, "3": {"slice_idx": 149, "bones_thresh": [200, 2, 64], "blood_vessels_thresh": [160, 5, 64], "liver_thresh": [125, 1, 64]}, "4": {"slice_idx": 182, "bones_thresh": [200, 2, 64], "blood_vessels_thresh": [170, 5, 64], "liver_thresh": [140, 1, 64]}, "5": {"slice_idx": 155, "bones_thresh": [200, 2, 64], "blood_vessels_thresh": [170, 5, 64], "liver_thresh": [138, 1, 64]}, "7": {"slice_idx": 168, "bones_thresh": [200, 2, 64], "blood_vessels_thresh": [170, 5, 64], "liver_thresh": [140, 1, 64], "reference_slide": 168}, "8": {"slice_idx": 186, "bones_thresh": [200, 2, 64], "blood_vessels_thresh": [165, 5, 64], "liver_thresh": [140, 1, 64]}, "9": {"slice_idx": 183, "bones_thresh": [200, 2, 64], "blood_vessels_thresh": [165, 5, 64], "liver_thresh": [125, 1, 64]}, "11": {"slice_idx": 163, "bones_thresh": [200, 2, 64], "blood_vessels_thresh": [170, 5, 64], "liver_thresh": [133, 1, 64]}, "12": {"slice_idx": 175, "bones_thresh": [200, 2, 64], "blood_vessels_thresh": [170, 5, 64], "liver_thresh": [125, 1, 64]}, "13": {"slice_idx": 165, "bones_thresh": [200, 2, 64], "blood_vessels_thresh": [175, 5, 64], "liver_thresh": [135, 1, 64], "reference_slice": 166}, "14": {"slice_idx": 140, "bones_thresh": [200, 2, 64], "blood_vessels_thresh": [175, 5, 64], "liver_thresh": [132, 1, 64]}, "16": {"slice_idx": 190, "bones_thresh": [200, 2, 64], "blood_vessels_thresh": [175, 5, 64], "liver_thresh": [120, 1, 64], "reference_slice": 166}, "17": {"slice_idx": 190, "bones_thresh": [200, 2, 64], "blood_vessels_thresh": [175, 5, 64], "liver_thresh": [120, 1, 64], "reference_slice": 166}, "18": {"slice_idx": 180, "bones_thresh": [200, 2, 64], "blood_vessels_thresh": [175, 5, 64], "liver_thresh": [120, 1, 64], "reference_slice": 166}, "19": {"slice_idx": 190, "bones_thresh": [200, 2, 64], "blood_vessels_thresh": [175, 5, 64], "liver_thresh": [120, 1, 64], "reference_slice": 166}, "40": {"slice_idx": 150, "bones_thresh": [200, 2, 64], "blood_vessels_thresh": [160, 5, 64], "liver_thresh": [122, 1, 64]}, "1001": {"slice_idx": 150, "bones_thresh": [200, 2, 64], "blood_vessels_thresh": [170, 5, 64], "liver_thresh": [148, 1, 64]}, "45": {"slice_idx": 210, "bones_thresh": [200, 2, 64], "blood_vessels_thresh": [160, 5, 64], "liver_thresh": [122, 1, 64]}, "46": {"slice_idx": 65, "bones_thresh": [200, 2, 64], "blood_vessels_thresh": [160, 5, 64], "liver_thresh": [130, 1, 64]}, "48": {"slice_idx": 180, "bones_thresh": [200, 2, 64], "blood_vessels_thresh": [160, 5, 64], "liver_thresh": [130, 1, 64]}, "49": {"slice_idx": 180, "bones_thresh": [200, 2, 64], "blood_vessels_thresh": [165, 5, 64], "liver_thresh": [130, 1, 64]}, "50": {"slice_idx": 205, "bones_thresh": [200, 2, 64], "blood_vessels_thresh": [170, 5, 64], "liver_thresh": [130, 1, 64]}, "51": {"slice_idx": 208, "bones_thresh": [200, 2, 64], "blood_vessels_thresh": [160, 5, 64], "liver_thresh": [135, 1, 64]}, "52": {"slice_idx": 158, "bones_thresh": [200, 2, 64], "blood_vessels_thresh": [155, 5, 64], "liver_thresh": [130, 1, 64]}, "55": {"slice_idx": 200, "bones_thresh": [200, 2, 64], "blood_vessels_thresh": [160, 5, 64], "liver_thresh": [130, 1, 64]}, "56": {"slice_idx": 197, "bones_thresh": [200, 2, 64], "blood_vessels_thresh": [160, 5, 64], "liver_thresh": [130, 1, 64]}, "57": {"slice_idx": 165, "bones_thresh": [200, 2, 64], "blood_vessels_thresh": [160, 5, 64], "liver_thresh": [130, 1, 64]}, "58": {"slice_idx": 190, "bones_thresh": [200, 2, 64], "blood_vessels_thresh": [160, 5, 64], "liver_thresh": [115, 1, 64]}, "59": {"slice_idx": 410, "bones_thresh": [200, 2, 64], "blood_vessels_thresh": [190, 5, 64], "liver_thresh": [160, 1, 64]}, "60": {"slice_idx": 190, "bones_thresh": [200, 2, 64], "blood_vessels_thresh": [160, 5, 64], "liver_thresh": [135, 1, 64]}, "61": {"slice_idx": 180, "bones_thresh": [200, 2, 64], "blood_vessels_thresh": [175, 5, 64], "liver_thresh": [135, 1, 64]}, "64": {"slice_idx": 190, "bones_thresh": [200, 2, 64], "blood_vessels_thresh": [160, 5, 64], "liver_thresh": [130, 1, 64]}, "1002": {"slice_idx": 210, "bones_thresh": [200, 2, 64], "blood_vessels_thresh": [175, 5, 64], "liver_thresh": [130, 1, 64]}, "1003": {"slice_idx": 180, "bones_thresh": [200, 2, 64], "blood_vessels_thresh": [165, 5, 64], "liver_thresh": [125, 1, 64]}, "1004": {"slice_idx": 195, "bones_thresh": [200, 2, 64], "blood_vessels_thresh": [175, 5, 64], "liver_thresh": [130, 1, 64]}, "1005": {"slice_idx": 395, "bones_thresh": [200, 2, 64], "blood_vessels_thresh": [178, 5, 64], "liver_thresh": [145, 1, 64]}, "1006": {"slice_idx": 190, "bones_thresh": [200, 2, 64], "blood_vessels_thresh": [160, 5, 64], "liver_thresh": [125, 1, 64]}, "1007": {"slice_idx": 182, "bones_thresh": [200, 2, 64], "blood_vessels_thresh": [180, 5, 64], "liver_thresh": [140, 1, 64]}, "1008": {"slice_idx": 430, "bones_thresh": [200, 2, 64], "blood_vessels_thresh": [165, 5, 64], "liver_thresh": [140, 1, 64]}, "1009": {"slice_idx": 133, "bones_thresh": [200, 2, 64], "blood_vessels_thresh": [165, 5, 64], "liver_thresh": [130, 1, 64]}}